order_id,date,customer_id,Amount
1001,09/01/2009,201,120
1002,10/01/2009,202,1500
1003,11/01/2009,203,800
1004,12/01/2009,204,900
1005,13/01/2009,205,120
1006,14/01/2009,206,1500
1007,15/01/2009,207,900
1008,16/01/2009,208,120
1009,17/01/2009,209,900
1010,18/01/2009,210,120
1011,19/01/2009,211,1500
1012,20/01/2009,212,900
1013,21/01/2009,213,120
1014,22/01/2009,214,1500
1015,23/01/2009,215,900
1016,24/01/2009,216,120
1017,25/01/2009,217,1500
1018,26/01/2009,218,800
1019,27/01/2009,219,900
1020,28/01/2009,220,120
1021,29/01/2009,221,1500
1022,30/01/2009,222,800
1023,31/01/2009,223,900
1024,01/02/2009,224,120
1025,02/02/2009,225,1500
1026,03/02/2009,226,900
1027,04/02/2009,227,120
1028,05/02/2009,228,900
1029,06/02/2009,229,120
1030,07/02/2009,230,1500
1031,08/02/2009,231,900
1032,09/02/2009,232,120
1033,10/02/2009,233,1500
1034,11/02/2009,234,900
1035,12/02/2009,235,120
1036,13/02/2009,236,1500
1037,14/02/2009,237,800
1038,15/02/2009,238,900
1039,16/02/2009,239,120
1040,17/02/2009,240,1500
1041,18/02/2009,241,800
1042,19/02/2009,242,900
1043,20/02/2009,243,120
1044,21/02/2009,244,1500
1045,22/02/2009,245,900
1046,23/02/2009,246,120
1047,24/02/2009,247,900
1048,25/02/2009,248,120
1049,26/02/2009,249,1500
1050,27/02/2009,250,900
1051,28/02/2009,251,120
1052,01/03/2009,252,1500
1053,02/03/2009,253,900
1054,03/03/2009,254,120
1055,04/03/2009,255,1500
1056,05/03/2009,256,800
1057,06/03/2009,257,900
1058,07/03/2009,258,120
1059,08/03/2009,259,1500
1060,09/03/2009,260,800
1061,10/03/2009,261,900
1062,11/03/2009,262,120
1063,12/03/2009,263,1500
1064,13/03/2009,264,900
1065,14/03/2009,265,120
1066,15/03/2009,266,900
1067,16/03/2009,267,120
1068,17/03/2009,268,1500
1069,18/03/2009,269,900
1070,19/03/2009,270,120
1071,20/03/2009,271,1500
1072,21/03/2009,272,900
1073,22/03/2009,273,120
1074,23/03/2009,274,1500
1075,24/03/2009,275,800
1076,25/03/2009,276,900
1077,26/03/2009,277,120
1078,27/03/2009,278,1500
1079,28/03/2009,279,800
1080,29/03/2009,280,900
1081,30/03/2009,281,120
1082,31/03/2009,282,1500
1083,01/04/2009,283,900
1084,02/04/2009,284,120
1085,03/04/2009,285,900
1086,04/04/2009,286,120
1087,05/04/2009,287,1500
1088,06/04/2009,288,900
1089,07/04/2009,289,120
1090,08/04/2009,290,1500
1091,09/04/2009,291,900
1092,10/04/2009,292,120
1093,11/04/2009,293,1500
1094,12/04/2009,294,800
1095,13/04/2009,295,900
1096,14/04/2009,296,120
1097,15/04/2009,297,1500
1098,16/04/2009,298,800
1099,17/04/2009,299,900
1100,18/04/2009,300,120
1101,19/04/2009,301,1500
1102,20/04/2009,302,900
1103,21/04/2009,303,120
1104,22/04/2009,304,900
1105,23/04/2009,305,120
1106,24/04/2009,306,1500
1107,25/04/2009,307,900
1108,26/04/2009,308,120
1109,27/04/2009,309,1500
1110,28/04/2009,310,900
1111,29/04/2009,311,120
1112,30/04/2009,312,1500
1113,01/05/2009,313,800
1114,02/05/2009,314,900
1115,03/05/2009,315,120
1116,04/05/2009,316,1500
1117,05/05/2009,317,800
1118,06/05/2009,318,900
1119,07/05/2009,319,120
1120,08/05/2009,320,1500
1121,09/05/2009,321,900
1122,10/05/2009,322,120
1123,11/05/2009,323,900
1124,12/05/2009,324,120
1125,13/05/2009,325,1500
1126,14/05/2009,326,900
1127,15/05/2009,327,120
1128,16/05/2009,328,1500
1129,17/05/2009,329,900
1130,18/05/2009,330,120
1131,19/05/2009,331,1500
1132,20/05/2009,332,800
1133,21/05/2009,333,900
1134,22/05/2009,334,120
1135,23/05/2009,335,1500
1136,24/05/2009,336,800
1137,25/05/2009,337,900
1138,26/05/2009,338,120
1139,27/05/2009,339,1500
1140,28/05/2009,340,900
1141,29/05/2009,341,120
1142,30/05/2009,342,900
1143,31/05/2009,343,120
1144,01/06/2009,344,1500
1145,02/06/2009,345,900
1146,03/06/2009,346,120
1147,04/06/2009,347,1500
1148,05/06/2009,348,900
1149,06/06/2009,349,120
1150,07/06/2009,350,1500
1151,08/06/2009,351,800
1152,09/06/2009,352,900
1153,10/06/2009,353,120
1154,11/06/2009,354,1500
1155,12/06/2009,355,800
1156,13/06/2009,356,900
1157,14/06/2009,357,120
1158,15/06/2009,358,1500
1159,16/06/2009,359,900
1160,17/06/2009,360,120
1161,18/06/2009,361,900
1162,19/06/2009,362,120
1163,20/06/2009,363,1500
1164,21/06/2009,364,900
1165,22/06/2009,365,120
1166,23/06/2009,366,1500
1167,24/06/2009,367,900
1168,25/06/2009,368,120
1169,26/06/2009,369,1500
1170,27/06/2009,370,800
1171,28/06/2009,371,900
1172,29/06/2009,372,120
1173,30/06/2009,373,1500
1174,01/07/2009,374,800
1175,02/07/2009,375,900
1176,03/07/2009,376,120
1177,04/07/2009,377,1500
1178,05/07/2009,378,900
1179,06/07/2009,379,120
1180,07/07/2009,380,900
1181,08/07/2009,381,120
1182,09/07/2009,382,1500
1183,10/07/2009,383,900
1184,11/07/2009,384,120
1185,12/07/2009,385,1500
1186,13/07/2009,386,900
1187,14/07/2009,387,120
1188,15/07/2009,388,1500
1189,16/07/2009,389,800
1190,17/07/2009,390,900
1191,18/07/2009,391,120
1192,19/07/2009,392,1500
1193,20/07/2009,393,800
1194,21/07/2009,394,900
1195,22/07/2009,395,120
1196,23/07/2009,396,1500
1197,24/07/2009,397,900
1198,25/07/2009,398,120
1199,26/07/2009,399,900
1200,27/07/2009,400,120
1201,28/07/2009,401,1500
1202,29/07/2009,402,900
1203,30/07/2009,403,120
1204,31/07/2009,404,1500
1205,01/08/2009,405,900
1206,02/08/2009,406,120
1207,03/08/2009,407,1500
1208,04/08/2009,408,800
1209,05/08/2009,409,900
1210,06/08/2009,410,120
1211,07/08/2009,411,1500
1212,08/08/2009,412,800
1213,09/08/2009,413,900
1214,10/08/2009,414,120
1215,11/08/2009,415,1500
1216,12/08/2009,416,900
1217,13/08/2009,417,120
1218,14/08/2009,418,900
1219,15/08/2009,419,120
1220,16/08/2009,420,1500
1221,17/08/2009,421,900
1222,18/08/2009,422,120
1223,19/08/2009,423,1500
1224,20/08/2009,424,900
1225,21/08/2009,425,120
1226,22/08/2009,426,1500
1227,23/08/2009,427,800
1228,24/08/2009,428,900
1229,25/08/2009,429,120
1230,26/08/2009,430,1500
1231,27/08/2009,431,800
1232,28/08/2009,432,900
1233,29/08/2009,433,120
1234,30/08/2009,434,1500
1235,31/08/2009,435,900
1236,01/09/2009,436,120
1237,02/09/2009,437,900
1238,03/09/2009,438,120
1239,04/09/2009,439,1500
1240,05/09/2009,440,900
1241,06/09/2009,441,120
1242,07/09/2009,442,1500
1243,08/09/2009,443,900
1244,09/09/2009,444,120
1245,10/09/2009,445,1500
1246,11/09/2009,446,800
1247,12/09/2009,447,900
1248,13/09/2009,448,120
1249,14/09/2009,449,1500
1250,15/09/2009,450,800
1251,16/09/2009,451,900
1252,17/09/2009,452,120
1253,18/09/2009,453,1500
1254,19/09/2009,454,900
1255,20/09/2009,455,120
1256,21/09/2009,456,900
1257,22/09/2009,457,120
1258,23/09/2009,458,1500
1259,24/09/2009,459,900
1260,25/09/2009,460,120
1261,26/09/2009,461,1500
1262,27/09/2009,462,900
1263,28/09/2009,463,120
1264,29/09/2009,464,1500
1265,30/09/2009,465,800
1266,01/10/2009,466,900
1267,02/10/2009,467,120
1268,03/10/2009,468,1500
1269,04/10/2009,469,800
1270,05/10/2009,470,900
1271,06/10/2009,471,120
1272,07/10/2009,472,1500
1273,08/10/2009,473,900
1274,09/10/2009,474,120
1275,10/10/2009,475,900
1276,11/10/2009,476,120
1277,12/10/2009,477,1500
1278,13/10/2009,478,900
1279,14/10/2009,479,120
1280,15/10/2009,480,1500
1281,16/10/2009,481,900
1282,17/10/2009,482,120
1283,18/10/2009,483,1500
1284,19/10/2009,484,800
1285,20/10/2009,485,900
1286,21/10/2009,486,120
1287,22/10/2009,487,1500
1288,23/10/2009,488,800
1289,24/10/2009,489,900
1290,25/10/2009,490,120
1291,26/10/2009,491,1500
1292,27/10/2009,492,900
1293,28/10/2009,493,120
1294,29/10/2009,494,900
1295,30/10/2009,495,120
1296,31/10/2009,496,1500
1297,01/11/2009,497,900
1298,02/11/2009,498,120
1299,03/11/2009,499,1500
1300,04/11/2009,500,900
1301,05/11/2009,501,120
1302,06/11/2009,502,1500
1303,07/11/2009,503,800
1304,08/11/2009,504,900
1305,09/11/2009,505,120
1306,10/11/2009,506,1500
1307,11/11/2009,507,800
1308,12/11/2009,508,900
1309,13/11/2009,509,120
1310,14/11/2009,510,1500
1311,15/11/2009,511,900
1312,16/11/2009,512,120
1313,17/11/2009,513,900
1314,18/11/2009,514,120
1315,19/11/2009,515,1500
1316,20/11/2009,516,900
1317,21/11/2009,517,120
1318,22/11/2009,518,1500
1319,23/11/2009,519,900
1320,24/11/2009,520,120
1321,25/11/2009,521,1500
1322,26/11/2009,522,800
1323,27/11/2009,523,900
1324,28/11/2009,524,120
1325,29/11/2009,525,1500
1326,30/11/2009,526,800
1327,01/12/2009,527,900
1328,02/12/2009,528,120
1329,03/12/2009,529,1500
1330,04/12/2009,530,900
1331,05/12/2009,531,120
1332,06/12/2009,532,900
1333,07/12/2009,533,120
1334,08/12/2009,534,1500
1335,09/12/2009,535,900
1336,10/12/2009,536,120
1337,11/12/2009,537,1500
1338,12/12/2009,538,900
1339,13/12/2009,539,120
1340,14/12/2009,540,1500
1341,15/12/2009,541,800
1342,16/12/2009,542,900
1343,17/12/2009,543,120
1344,18/12/2009,544,1500
1345,19/12/2009,545,800
1346,20/12/2009,546,900
1347,21/12/2009,547,120
1348,22/12/2009,548,1500
1349,23/12/2009,549,900
1350,24/12/2009,550,120
1351,25/12/2009,551,900
1352,26/12/2009,552,120
1353,27/12/2009,553,1500
1354,28/12/2009,554,900
1355,29/12/2009,555,120
1356,30/12/2009,556,1500
1357,31/12/2009,557,900
1358,01/01/2010,558,120
1359,02/01/2010,559,1500
1360,03/01/2010,560,800
1361,04/01/2010,561,900
1362,05/01/2010,562,120
1363,06/01/2010,563,1500
1364,07/01/2010,564,800
1365,08/01/2010,565,900
1366,09/01/2010,566,120
1367,10/01/2010,567,1500
1368,11/01/2010,568,900
1369,12/01/2010,569,120
1370,13/01/2010,570,900
1371,14/01/2010,571,120
1372,15/01/2010,572,1500
1373,16/01/2010,573,900
1374,17/01/2010,574,120
1375,18/01/2010,575,1500
1376,19/01/2010,576,900
1377,20/01/2010,577,120
1378,21/01/2010,578,1500
1379,22/01/2010,579,800
1380,23/01/2010,580,900
1381,24/01/2010,581,120
1382,25/01/2010,582,1500
1383,26/01/2010,583,800
1384,27/01/2010,584,900
1385,28/01/2010,585,120
1386,29/01/2010,586,1500
1387,30/01/2010,587,900
1388,31/01/2010,588,120
1389,01/02/2010,589,900
1390,02/02/2010,590,120
1391,03/02/2010,591,1500
1392,04/02/2010,592,900
1393,05/02/2010,593,120
1394,06/02/2010,594,1500
1395,07/02/2010,595,900
1396,08/02/2010,596,120
1397,09/02/2010,597,1500
1398,10/02/2010,598,800
1399,11/02/2010,599,900
1400,12/02/2010,600,120
1401,13/02/2010,601,1500
1402,14/02/2010,602,800
1403,15/02/2010,603,900
1404,16/02/2010,604,120
1405,17/02/2010,605,1500
1406,18/02/2010,606,900
1407,19/02/2010,607,120
1408,20/02/2010,608,900
1409,21/02/2010,609,120
1410,22/02/2010,610,1500
1411,23/02/2010,611,900
1412,24/02/2010,612,120
1413,25/02/2010,613,1500
1414,26/02/2010,614,900
1415,27/02/2010,615,120
1416,28/02/2010,616,1500
1417,01/03/2010,617,800
1418,02/03/2010,618,900
1419,03/03/2010,619,120
1420,04/03/2010,620,1500
1421,05/03/2010,621,800
1422,06/03/2010,622,900
1423,07/03/2010,623,120
1424,08/03/2010,624,1500
1425,09/03/2010,625,900
1426,10/03/2010,626,120
1427,11/03/2010,627,900
1428,12/03/2010,628,120
1429,13/03/2010,629,1500
1430,14/03/2010,630,900
1431,15/03/2010,631,120
1432,16/03/2010,632,1500
1433,17/03/2010,633,900
1434,18/03/2010,634,120
1435,19/03/2010,635,1500
1436,20/03/2010,636,800
1437,21/03/2010,637,900
1438,22/03/2010,638,120
1439,23/03/2010,639,1500
1440,24/03/2010,640,800
1441,25/03/2010,641,900
1442,26/03/2010,642,120
1443,27/03/2010,643,1500
1444,28/03/2010,644,900
1445,29/03/2010,645,120
1446,30/03/2010,646,900
1447,31/03/2010,647,120
1448,01/04/2010,648,1500
1449,02/04/2010,649,900
1450,03/04/2010,650,120
1451,04/04/2010,651,1500
1452,05/04/2010,652,900
1453,06/04/2010,653,120
1454,07/04/2010,654,1500
1455,08/04/2010,655,800
1456,09/04/2010,656,900
1457,10/04/2010,657,120
1458,11/04/2010,658,1500
1459,12/04/2010,659,800
1460,13/04/2010,660,900
1461,14/04/2010,661,120
1462,15/04/2010,662,1500
1463,16/04/2010,663,900
1464,17/04/2010,664,120
1465,18/04/2010,665,900
1466,19/04/2010,666,120
1467,20/04/2010,667,1500
1468,21/04/2010,668,900
1469,22/04/2010,669,120
1470,23/04/2010,670,1500
1471,24/04/2010,671,900
1472,25/04/2010,672,120
1473,26/04/2010,673,1500
1474,27/04/2010,674,800
1475,28/04/2010,675,900
1476,29/04/2010,676,120
1477,30/04/2010,677,1500
1478,01/05/2010,678,800
1479,02/05/2010,679,900
1480,03/05/2010,680,120
1481,04/05/2010,681,1500
1482,05/05/2010,682,900
1483,06/05/2010,683,120
1484,07/05/2010,684,900
1485,08/05/2010,685,120
1486,09/05/2010,686,1500
1487,10/05/2010,687,900
1488,11/05/2010,688,120
1489,12/05/2010,689,1500
1490,13/05/2010,690,900
1491,14/05/2010,691,120
1492,15/05/2010,692,1500
1493,16/05/2010,693,800
1494,17/05/2010,694,900
1495,18/05/2010,695,120
1496,19/05/2010,696,1500
1497,20/05/2010,697,800
1498,21/05/2010,698,900
1499,22/05/2010,699,120
1500,23/05/2010,700,1500
1501,24/05/2010,701,900
1502,25/05/2010,702,120
1503,26/05/2010,703,900
1504,27/05/2010,704,120
1505,28/05/2010,705,1500
1506,29/05/2010,706,900
1507,30/05/2010,707,120
1508,31/05/2010,708,1500
1509,01/06/2010,709,900
1510,02/06/2010,710,120
1511,03/06/2010,711,1500
1512,04/06/2010,712,800
1513,05/06/2010,713,900
1514,06/06/2010,714,120
1515,07/06/2010,715,1500
1516,08/06/2010,716,800
1517,09/06/2010,717,900
1518,10/06/2010,718,120
1519,11/06/2010,719,1500
1520,12/06/2010,720,900
1521,13/06/2010,721,120
1522,14/06/2010,722,900
1523,15/06/2010,723,120
1524,16/06/2010,724,1500
1525,17/06/2010,725,900
1526,18/06/2010,726,120
1527,19/06/2010,727,1500
1528,20/06/2010,728,900
1529,21/06/2010,729,120
1530,22/06/2010,730,1500
1531,23/06/2010,731,800
1532,24/06/2010,732,900
1533,25/06/2010,733,120
1534,26/06/2010,734,1500
1535,27/06/2010,735,800
1536,28/06/2010,736,900
1537,29/06/2010,737,120
1538,30/06/2010,738,1500
1539,01/07/2010,739,900
1540,02/07/2010,740,120
1541,03/07/2010,741,900
1542,04/07/2010,742,120
1543,05/07/2010,743,1500
1544,06/07/2010,744,900
1545,07/07/2010,745,120
1546,08/07/2010,746,1500
1547,09/07/2010,747,900
1548,10/07/2010,748,120
1549,11/07/2010,749,1500
1550,12/07/2010,750,800
1551,13/07/2010,751,900
1552,14/07/2010,752,120
1553,15/07/2010,753,1500
1554,16/07/2010,754,800
1555,17/07/2010,755,900
1556,18/07/2010,756,120
1557,19/07/2010,757,1500
1558,20/07/2010,758,900
1559,21/07/2010,759,120
1560,22/07/2010,760,900
1561,23/07/2010,761,120
1562,24/07/2010,762,1500
1563,25/07/2010,763,900
1564,26/07/2010,764,120
1565,27/07/2010,765,1500
1566,28/07/2010,766,900
1567,29/07/2010,767,120
1568,30/07/2010,768,1500
1569,31/07/2010,769,800
1570,01/08/2010,770,900
1571,02/08/2010,771,120
1572,03/08/2010,772,1500
1573,04/08/2010,773,800
1574,05/08/2010,774,900
1575,06/08/2010,775,120
1576,07/08/2010,776,1500
1577,08/08/2010,777,900
1578,09/08/2010,778,120
1579,10/08/2010,779,900
1580,11/08/2010,780,120
1581,12/08/2010,781,1500
1582,13/08/2010,782,900
1583,14/08/2010,783,120
1584,15/08/2010,784,1500
1585,16/08/2010,785,900
1586,17/08/2010,786,120
1587,18/08/2010,787,1500
1588,19/08/2010,788,800
1589,20/08/2010,789,900
1590,21/08/2010,790,120
1591,22/08/2010,791,1500
1592,23/08/2010,792,800
1593,24/08/2010,793,900
1594,25/08/2010,794,120
1595,26/08/2010,795,1500
1596,27/08/2010,796,900
1597,28/08/2010,797,120
1598,29/08/2010,798,900
1599,30/08/2010,799,120
1600,31/08/2010,800,1500
1601,01/09/2010,801,900
1602,02/09/2010,802,120
1603,03/09/2010,803,1500
1604,04/09/2010,804,900
1605,05/09/2010,805,120
1606,06/09/2010,806,1500
1607,07/09/2010,807,800
1608,08/09/2010,808,900
1609,09/09/2010,809,120
1610,10/09/2010,810,1500
1611,11/09/2010,811,800
1612,12/09/2010,812,900
1613,13/09/2010,813,120
1614,14/09/2010,814,1500
1615,15/09/2010,815,900
1616,16/09/2010,816,120
1617,17/09/2010,817,900
1618,18/09/2010,818,120
1619,19/09/2010,819,1500
1620,20/09/2010,820,900
1621,21/09/2010,821,120
1622,22/09/2010,822,1500
1623,23/09/2010,823,900
1624,24/09/2010,824,120
1625,25/09/2010,825,1500
1626,26/09/2010,826,800
1627,27/09/2010,827,900
1628,28/09/2010,828,120
1629,29/09/2010,829,1500
1630,30/09/2010,830,800
1631,01/10/2010,831,900
1632,02/10/2010,832,120
1633,03/10/2010,833,1500
1634,04/10/2010,834,900
1635,05/10/2010,835,120
1636,06/10/2010,836,900
1637,07/10/2010,837,120
1638,08/10/2010,838,1500
1639,09/10/2010,839,900
1640,10/10/2010,840,120
1641,11/10/2010,841,1500
1642,12/10/2010,842,900
1643,13/10/2010,843,120
1644,14/10/2010,844,1500
1645,15/10/2010,845,800
1646,16/10/2010,846,900
1647,17/10/2010,847,120
1648,18/10/2010,848,1500
1649,19/10/2010,849,800
1650,20/10/2010,850,900
1651,21/10/2010,851,120
1652,22/10/2010,852,1500
1653,23/10/2010,853,900
1654,24/10/2010,854,120
1655,25/10/2010,855,900
1656,26/10/2010,856,120
1657,27/10/2010,857,1500
1658,28/10/2010,858,900
1659,29/10/2010,859,120
1660,30/10/2010,860,1500
1661,31/10/2010,861,900
1662,01/11/2010,862,120
1663,02/11/2010,863,1500
1664,03/11/2010,864,800
1665,04/11/2010,865,900
1666,05/11/2010,866,120
1667,06/11/2010,867,1500
1668,07/11/2010,868,800
1669,08/11/2010,869,900
1670,09/11/2010,870,120
1671,10/11/2010,871,1500
1672,11/11/2010,872,900
1673,12/11/2010,873,120
1674,13/11/2010,874,900
1675,14/11/2010,875,120
1676,15/11/2010,876,1500
1677,16/11/2010,877,900
1678,17/11/2010,878,120
1679,18/11/2010,879,1500
1680,19/11/2010,880,900
1681,20/11/2010,881,120
1682,21/11/2010,882,1500
1683,22/11/2010,883,800
1684,23/11/2010,884,900
1685,24/11/2010,885,120
1686,25/11/2010,886,1500
1687,26/11/2010,887,800
1688,27/11/2010,888,900
1689,28/11/2010,889,120
1690,29/11/2010,890,1500
1691,30/11/2010,891,900
1692,01/12/2010,892,120
1693,02/12/2010,893,900
1694,03/12/2010,894,120
1695,04/12/2010,895,1500
1696,05/12/2010,896,900
1697,06/12/2010,897,120
1698,07/12/2010,898,1500
1699,08/12/2010,899,900
1700,09/12/2010,900,120
1701,10/12/2010,901,1500
1702,11/12/2010,902,800
1703,12/12/2010,903,900
1704,13/12/2010,904,120
1705,14/12/2010,905,1500
1706,15/12/2010,906,800
1707,16/12/2010,907,900
1708,17/12/2010,908,120
1709,18/12/2010,909,1500
1710,19/12/2010,910,900
1711,20/12/2010,911,120
1712,21/12/2010,912,900
1713,22/12/2010,913,120
1714,23/12/2010,914,1500
1715,24/12/2010,915,900
1716,25/12/2010,916,120
1717,26/12/2010,917,1500
1718,27/12/2010,918,900
1719,28/12/2010,919,120
1720,29/12/2010,920,1500
1721,30/12/2010,921,800
1722,31/12/2010,922,900
1723,01/01/2011,923,120
1724,02/01/2011,924,1500
1725,03/01/2011,925,800
1726,04/01/2011,926,900
1727,05/01/2011,927,120
1728,06/01/2011,928,1500
1729,07/01/2011,929,900
1730,08/01/2011,930,120
1731,09/01/2011,931,900
1732,10/01/2011,932,120
1733,11/01/2011,933,1500
1734,12/01/2011,934,900
1735,13/01/2011,935,120
1736,14/01/2011,936,1500
1737,15/01/2011,937,900
1738,16/01/2011,938,120
1739,17/01/2011,939,1500
1740,18/01/2011,940,800
1741,19/01/2011,941,900
1742,20/01/2011,942,120
1743,21/01/2011,943,1500
1744,22/01/2011,944,800
1745,23/01/2011,945,900
1746,24/01/2011,946,120
1747,25/01/2011,947,1500
1748,26/01/2011,948,900
1749,27/01/2011,949,120
1750,28/01/2011,950,900
1751,29/01/2011,951,120
1752,30/01/2011,952,1500
1753,31/01/2011,953,900
1754,01/02/2011,954,120
1755,02/02/2011,955,1500
1756,03/02/2011,956,900
1757,04/02/2011,957,120
1758,05/02/2011,958,1500
1759,06/02/2011,959,800
1760,07/02/2011,960,900
1761,08/02/2011,961,120
1762,09/02/2011,962,1500
1763,10/02/2011,963,800
1764,11/02/2011,964,900
1765,12/02/2011,965,120
1766,13/02/2011,966,1500
1767,14/02/2011,967,900
1768,15/02/2011,968,120
1769,16/02/2011,969,900
1770,17/02/2011,970,120
1771,18/02/2011,971,1500
1772,19/02/2011,972,900
1773,20/02/2011,973,120
1774,21/02/2011,974,1500
1775,22/02/2011,975,900
1776,23/02/2011,976,120
1777,24/02/2011,977,1500
1778,25/02/2011,978,800
1779,26/02/2011,979,900
1780,27/02/2011,980,120
1781,28/02/2011,981,1500
1782,01/03/2011,982,800
1783,02/03/2011,983,900
1784,03/03/2011,984,120
1785,04/03/2011,985,1500
1786,05/03/2011,986,900
1787,06/03/2011,987,120
1788,07/03/2011,988,900
1789,08/03/2011,989,120
1790,09/03/2011,990,1500
1791,10/03/2011,991,900
1792,11/03/2011,992,120
1793,12/03/2011,993,1500
1794,13/03/2011,994,900
1795,14/03/2011,995,120
1796,15/03/2011,996,1500
1797,16/03/2011,997,800
1798,17/03/2011,998,900
1799,18/03/2011,999,120
1800,19/03/2011,1000,1500
1801,20/03/2011,1001,800
1802,21/03/2011,1002,900
1803,22/03/2011,1003,120
1804,23/03/2011,1004,1500
1805,24/03/2011,1005,900
1806,25/03/2011,1006,120
1807,26/03/2011,1007,900
1808,27/03/2011,1008,120
1809,28/03/2011,1009,1500
1810,29/03/2011,1010,900
1811,30/03/2011,1011,120
1812,31/03/2011,1012,1500
1813,01/04/2011,1013,900
1814,02/04/2011,1014,120
1815,03/04/2011,1015,1500
1816,04/04/2011,1016,800
1817,05/04/2011,1017,900
1818,06/04/2011,1018,120
1819,07/04/2011,1019,1500
1820,08/04/2011,1020,800
1821,09/04/2011,1021,900
1822,10/04/2011,1022,120
1823,11/04/2011,1023,1500
1824,12/04/2011,1024,900
1825,13/04/2011,1025,120
1826,14/04/2011,1026,900
1827,15/04/2011,1027,120
1828,16/04/2011,1028,1500
1829,17/04/2011,1029,900
1830,18/04/2011,1030,120
1831,19/04/2011,1031,1500
1832,20/04/2011,1032,900
1833,21/04/2011,1033,120
1834,22/04/2011,1034,1500
1835,23/04/2011,1035,800
1836,24/04/2011,1036,900
1837,25/04/2011,1037,120
1838,26/04/2011,1038,1500
1839,27/04/2011,1039,800
1840,28/04/2011,1040,900
1841,29/04/2011,1041,120
1842,30/04/2011,1042,1500
1843,01/05/2011,1043,900
1844,02/05/2011,1044,120
1845,03/05/2011,1045,900
1846,04/05/2011,1046,120
1847,05/05/2011,1047,1500
1848,06/05/2011,1048,900
1849,07/05/2011,1049,120
1850,08/05/2011,1050,1500
1851,09/05/2011,1051,900
1852,10/05/2011,1052,120
1853,11/05/2011,1053,1500
1854,12/05/2011,1054,800
1855,13/05/2011,1055,900
1856,14/05/2011,1056,120
1857,15/05/2011,1057,1500
1858,16/05/2011,1058,800
1859,17/05/2011,1059,900
1860,18/05/2011,1060,120
1861,19/05/2011,1061,1500
1862,20/05/2011,1062,900
1863,21/05/2011,1063,120
1864,22/05/2011,1064,900
1865,23/05/2011,1065,120
1866,24/05/2011,1066,1500
1867,25/05/2011,1067,900
1868,26/05/2011,1068,120
1869,27/05/2011,1069,1500
1870,28/05/2011,1070,900
1871,29/05/2011,1071,120
1872,30/05/2011,1072,1500
1873,31/05/2011,1073,800
1874,01/06/2011,1074,900
1875,02/06/2011,1075,120
1876,03/06/2011,1076,1500
1877,04/06/2011,1077,800
1878,05/06/2011,1078,900
1879,06/06/2011,1079,120
1880,07/06/2011,1080,1500
1881,08/06/2011,1081,900
1882,09/06/2011,1082,120
1883,10/06/2011,1083,900
1884,11/06/2011,1084,120
1885,12/06/2011,1085,1500
1886,13/06/2011,1086,900
1887,14/06/2011,1087,120
1888,15/06/2011,1088,1500
1889,16/06/2011,1089,900
1890,17/06/2011,1090,120
1891,18/06/2011,1091,1500
1892,19/06/2011,1092,800
1893,20/06/2011,1093,900
1894,21/06/2011,1094,120
1895,22/06/2011,1095,1500
1896,23/06/2011,1096,800
1897,24/06/2011,1097,900
1898,25/06/2011,1098,120
1899,26/06/2011,1099,1500
1900,27/06/2011,1100,900
1901,28/06/2011,1101,120
1902,29/06/2011,1102,900
1903,30/06/2011,1103,120
1904,01/07/2011,1104,1500
1905,02/07/2011,1105,900
1906,03/07/2011,1106,120
1907,04/07/2011,1107,1500
1908,05/07/2011,1108,900
1909,06/07/2011,1109,120
1910,07/07/2011,1110,1500
1911,08/07/2011,1111,800
1912,09/07/2011,1112,900
1913,10/07/2011,1113,120
1914,11/07/2011,1114,1500
1915,12/07/2011,1115,800
1916,13/07/2011,1116,900
1917,14/07/2011,1117,120
1918,15/07/2011,1118,1500
1919,16/07/2011,1119,900
1920,17/07/2011,1120,120
1921,18/07/2011,1121,900
1922,19/07/2011,1122,120
1923,20/07/2011,1123,1500
1924,21/07/2011,1124,900
1925,22/07/2011,1125,120
1926,23/07/2011,1126,1500
1927,24/07/2011,1127,900
1928,25/07/2011,1128,120
1929,26/07/2011,1129,1500
1930,27/07/2011,1130,800
1931,28/07/2011,1131,900
1932,29/07/2011,1132,120
1933,30/07/2011,1133,1500
1934,31/07/2011,1134,800
1935,01/08/2011,1135,900
1936,02/08/2011,1136,120
1937,03/08/2011,1137,1500
1938,04/08/2011,1138,900
1939,05/08/2011,1139,120
1940,06/08/2011,1140,900
1941,07/08/2011,1141,120
1942,08/08/2011,1142,1500
1943,09/08/2011,1143,900
1944,10/08/2011,1144,120
1945,11/08/2011,1145,1500
1946,12/08/2011,1146,900
1947,13/08/2011,1147,120
1948,14/08/2011,1148,1500
1949,15/08/2011,1149,800
1950,16/08/2011,1150,900
1951,17/08/2011,1151,120
1952,18/08/2011,1152,1500
1953,19/08/2011,1153,800
1954,20/08/2011,1154,900
1955,21/08/2011,1155,120
1956,22/08/2011,1156,1500
1957,23/08/2011,1157,900
1958,24/08/2011,1158,120
1959,25/08/2011,1159,900
1960,26/08/2011,1160,120
1961,27/08/2011,1161,1500
1962,28/08/2011,1162,900
1963,29/08/2011,1163,120
1964,30/08/2011,1164,1500
1965,31/08/2011,1165,900
1966,01/09/2011,1166,120
1967,02/09/2011,1167,1500
1968,03/09/2011,1168,800
1969,04/09/2011,1169,900
1970,05/09/2011,1170,120
1971,06/09/2011,1171,1500
1972,07/09/2011,1172,800
1973,08/09/2011,1173,900
1974,09/09/2011,1174,120
1975,10/09/2011,1175,1500
1976,11/09/2011,1176,900
1977,12/09/2011,1177,120
1978,13/09/2011,1178,900
1979,14/09/2011,1179,120
1980,15/09/2011,1180,1500
1981,16/09/2011,1181,900
1982,17/09/2011,1182,120
1983,18/09/2011,1183,1500
1984,19/09/2011,1184,900
1985,20/09/2011,1185,120
1986,21/09/2011,1186,1500
1987,22/09/2011,1187,800
1988,23/09/2011,1188,900
1989,24/09/2011,1189,120
1990,25/09/2011,1190,1500
1991,26/09/2011,1191,800
1992,27/09/2011,1192,900
1993,28/09/2011,1193,120
1994,29/09/2011,1194,1500
1995,30/09/2011,1195,900
1996,01/10/2011,1196,120
1997,02/10/2011,1197,900
1998,03/10/2011,1198,120
1999,04/10/2011,1199,1500
2000,05/10/2011,1200,900
2001,06/10/2011,1201,120
2002,07/10/2011,1202,1500
2003,08/10/2011,1203,900
2004,09/10/2011,1204,120
2005,10/10/2011,1205,1500
2006,11/10/2011,1206,800
2007,12/10/2011,1207,900
2008,13/10/2011,1208,120
2009,14/10/2011,1209,1500
2010,15/10/2011,1210,800
2011,16/10/2011,1211,900
2012,17/10/2011,1212,120
2013,18/10/2011,1213,1500
2014,19/10/2011,1214,900
2015,20/10/2011,1215,120
2016,21/10/2011,1216,900
2017,22/10/2011,1217,120
2018,23/10/2011,1218,1500
2019,24/10/2011,1219,900
2020,25/10/2011,1220,120
2021,26/10/2011,1221,1500
2022,27/10/2011,1222,900
2023,28/10/2011,1223,120
2024,29/10/2011,1224,1500
2025,30/10/2011,1225,800
2026,31/10/2011,1226,900
2027,01/11/2011,1227,120
2028,02/11/2011,1228,1500
2029,03/11/2011,1229,800
2030,04/11/2011,1230,900
2031,05/11/2011,1231,120
2032,06/11/2011,1232,1500
2033,07/11/2011,1233,900
2034,08/11/2011,1234,120
2035,09/11/2011,1235,900
2036,10/11/2011,1236,120
2037,11/11/2011,1237,1500
2038,12/11/2011,1238,900
2039,13/11/2011,1239,120
2040,14/11/2011,1240,1500
2041,15/11/2011,1241,900
2042,16/11/2011,1242,120
2043,17/11/2011,1243,1500
2044,18/11/2011,1244,800
2045,19/11/2011,1245,900
2046,20/11/2011,1246,120
2047,21/11/2011,1247,1500
2048,22/11/2011,1248,800
2049,23/11/2011,1249,900
2050,24/11/2011,1250,120
2051,25/11/2011,1251,1500
2052,26/11/2011,1252,900
2053,27/11/2011,1253,120
2054,28/11/2011,1254,900
2055,29/11/2011,1255,120
2056,30/11/2011,1256,1500
2057,01/12/2011,1257,900
2058,02/12/2011,1258,120
2059,03/12/2011,1259,1500
2060,04/12/2011,1260,900
2061,05/12/2011,1261,120
2062,06/12/2011,1262,1500
2063,07/12/2011,1263,800
2064,08/12/2011,1264,900
2065,09/12/2011,1265,120
2066,10/12/2011,1266,1500
2067,11/12/2011,1267,800
2068,12/12/2011,1268,900
2069,13/12/2011,1269,120
2070,14/12/2011,1270,1500
2071,15/12/2011,1271,900
2072,16/12/2011,1272,120
2073,17/12/2011,1273,900
2074,18/12/2011,1274,120
2075,19/12/2011,1275,1500
2076,20/12/2011,1276,900
2077,21/12/2011,1277,120
2078,22/12/2011,1278,1500
2079,23/12/2011,1279,900
2080,24/12/2011,1280,120
2081,25/12/2011,1281,1500
2082,26/12/2011,1282,800
2083,27/12/2011,1283,900
2084,28/12/2011,1284,120
2085,29/12/2011,1285,1500
2086,30/12/2011,1286,800
2087,31/12/2011,1287,900
2088,01/01/2012,1288,120
2089,02/01/2012,1289,1500
2090,03/01/2012,1290,900
2091,04/01/2012,1291,120
2092,05/01/2012,1292,900
2093,06/01/2012,1293,120
2094,07/01/2012,1294,1500
2095,08/01/2012,1295,900
2096,09/01/2012,1296,120
2097,10/01/2012,1297,1500
2098,11/01/2012,1298,900
2099,12/01/2012,1299,120
2100,13/01/2012,1300,1500
2101,14/01/2012,1301,800
2102,15/01/2012,1302,900
2103,16/01/2012,1303,120
2104,17/01/2012,1304,1500
2105,18/01/2012,1305,800
2106,19/01/2012,1306,900
2107,20/01/2012,1307,120
2108,21/01/2012,1308,1500
2109,22/01/2012,1309,900
2110,23/01/2012,1310,120
2111,24/01/2012,1311,900
2112,25/01/2012,1312,120
2113,26/01/2012,1313,1500
2114,27/01/2012,1314,900
2115,28/01/2012,1315,120
2116,29/01/2012,1316,1500
2117,30/01/2012,1317,900
2118,31/01/2012,1318,120
2119,01/02/2012,1319,1500
2120,02/02/2012,1320,800
2121,03/02/2012,1321,900
2122,04/02/2012,1322,120
2123,05/02/2012,1323,1500
2124,06/02/2012,1324,800
2125,07/02/2012,1325,900
2126,08/02/2012,1326,120
2127,09/02/2012,1327,1500
2128,10/02/2012,1328,900
2129,11/02/2012,1329,120
2130,12/02/2012,1330,900
2131,13/02/2012,1331,120
2132,14/02/2012,1332,1500
2133,15/02/2012,1333,900
2134,16/02/2012,1334,120
2135,17/02/2012,1335,1500
2136,18/02/2012,1336,900
2137,19/02/2012,1337,120
2138,20/02/2012,1338,1500
2139,21/02/2012,1339,800
2140,22/02/2012,1340,900
2141,23/02/2012,1341,120
2142,24/02/2012,1342,1500
2143,25/02/2012,1343,800
2144,26/02/2012,1344,900
2145,27/02/2012,1345,120
2146,28/02/2012,1346,1500
2147,29/02/2012,1347,900
2148,01/03/2012,1348,120
2149,02/03/2012,1349,900
2150,03/03/2012,1350,120
2151,04/03/2012,1351,1500
2152,05/03/2012,1352,900
2153,06/03/2012,1353,120
2154,07/03/2012,1354,1500
2155,08/03/2012,1355,900
2156,09/03/2012,1356,120
2157,10/03/2012,1357,1500
2158,11/03/2012,1358,800
2159,12/03/2012,1359,900
2160,13/03/2012,1360,120
2161,14/03/2012,1361,1500
2162,15/03/2012,1362,800
2163,16/03/2012,1363,900
2164,17/03/2012,1364,120
2165,18/03/2012,1365,1500
2166,19/03/2012,1366,900
2167,20/03/2012,1367,120
2168,21/03/2012,1368,900
2169,22/03/2012,1369,120
2170,23/03/2012,1370,1500
2171,24/03/2012,1371,900
2172,25/03/2012,1372,120
2173,26/03/2012,1373,1500
2174,27/03/2012,1374,900
2175,28/03/2012,1375,120
2176,29/03/2012,1376,1500
2177,30/03/2012,1377,800
2178,31/03/2012,1378,900
2179,01/04/2012,1379,120
2180,02/04/2012,1380,1500
2181,03/04/2012,1381,800
2182,04/04/2012,1382,900
2183,05/04/2012,1383,120
2184,06/04/2012,1384,1500
2185,07/04/2012,1385,900
2186,08/04/2012,1386,120
2187,09/04/2012,1387,900
2188,10/04/2012,1388,120
2189,11/04/2012,1389,1500
2190,12/04/2012,1390,900
2191,13/04/2012,1391,120
2192,14/04/2012,1392,1500
2193,15/04/2012,1393,900
2194,16/04/2012,1394,120
2195,17/04/2012,1395,1500
2196,18/04/2012,1396,800
2197,19/04/2012,1397,900
2198,20/04/2012,1398,120
2199,21/04/2012,1399,1500
2200,22/04/2012,1400,800
2201,23/04/2012,1401,900
2202,24/04/2012,1402,120
2203,25/04/2012,1403,1500
2204,26/04/2012,1404,900
2205,27/04/2012,1405,120
2206,28/04/2012,1406,900
2207,29/04/2012,1407,120
2208,30/04/2012,1408,1500
2209,01/05/2012,1409,900
2210,02/05/2012,1410,120
2211,03/05/2012,1411,1500
2212,04/05/2012,1412,900
2213,05/05/2012,1413,120
2214,06/05/2012,1414,1500
2215,07/05/2012,1415,800
2216,08/05/2012,1416,900
2217,09/05/2012,1417,120
2218,10/05/2012,1418,1500
2219,11/05/2012,1419,800
2220,12/05/2012,1420,900
2221,13/05/2012,1421,120
2222,14/05/2012,1422,1500
2223,15/05/2012,1423,900
2224,16/05/2012,1424,120
2225,17/05/2012,1425,900
2226,18/05/2012,1426,120
2227,19/05/2012,1427,1500
2228,20/05/2012,1428,900
2229,21/05/2012,1429,120
2230,22/05/2012,1430,1500
2231,23/05/2012,1431,900
2232,24/05/2012,1432,120
2233,25/05/2012,1433,1500
2234,26/05/2012,1434,800
2235,27/05/2012,1435,900
2236,28/05/2012,1436,120
2237,29/05/2012,1437,1500
2238,30/05/2012,1438,800
2239,31/05/2012,1439,900
2240,01/06/2012,1440,120
2241,02/06/2012,1441,1500
2242,03/06/2012,1442,900
2243,04/06/2012,1443,120
2244,05/06/2012,1444,900
2245,06/06/2012,1445,120
2246,07/06/2012,1446,1500
2247,08/06/2012,1447,900
2248,09/06/2012,1448,120
2249,10/06/2012,1449,1500
2250,11/06/2012,1450,900
2251,12/06/2012,1451,120
2252,13/06/2012,1452,1500
2253,14/06/2012,1453,800
2254,15/06/2012,1454,900
2255,16/06/2012,1455,120
2256,17/06/2012,1456,1500
2257,18/06/2012,1457,800
2258,19/06/2012,1458,900
2259,20/06/2012,1459,120
2260,21/06/2012,1460,1500
2261,22/06/2012,1461,900
2262,23/06/2012,1462,120
2263,24/06/2012,1463,900
2264,25/06/2012,1464,120
2265,26/06/2012,1465,1500
2266,27/06/2012,1466,900
2267,28/06/2012,1467,120
2268,29/06/2012,1468,1500
2269,30/06/2012,1469,900
2270,01/07/2012,1470,120
2271,02/07/2012,1471,1500
2272,03/07/2012,1472,800
2273,04/07/2012,1473,900
2274,05/07/2012,1474,120
2275,06/07/2012,1475,1500
2276,07/07/2012,1476,800
2277,08/07/2012,1477,900
2278,09/07/2012,1478,120
2279,10/07/2012,1479,1500
2280,11/07/2012,1480,900
2281,12/07/2012,1481,120
2282,13/07/2012,1482,900
2283,14/07/2012,1483,120
2284,15/07/2012,1484,1500
2285,16/07/2012,1485,900
2286,17/07/2012,1486,120
2287,18/07/2012,1487,1500
2288,19/07/2012,1488,900
2289,20/07/2012,1489,120
2290,21/07/2012,1490,1500
2291,22/07/2012,1491,800
2292,23/07/2012,1492,900
2293,24/07/2012,1493,120
2294,25/07/2012,1494,1500
2295,26/07/2012,1495,800
2296,27/07/2012,1496,900
2297,28/07/2012,1497,120
2298,29/07/2012,1498,1500
2299,30/07/2012,1499,900
2300,31/07/2012,1500,120
2301,01/08/2012,1501,900
2302,02/08/2012,1502,120
2303,03/08/2012,1503,1500
2304,04/08/2012,1504,900
2305,05/08/2012,1505,120
2306,06/08/2012,1506,1500
2307,07/08/2012,1507,900
2308,08/08/2012,1508,120
2309,09/08/2012,1509,1500
2310,10/08/2012,1510,800
2311,11/08/2012,1511,900
2312,12/08/2012,1512,120
2313,13/08/2012,1513,1500
2314,14/08/2012,1514,800
2315,15/08/2012,1515,900
2316,16/08/2012,1516,120
2317,17/08/2012,1517,1500
2318,18/08/2012,1518,900
2319,19/08/2012,1519,120
2320,20/08/2012,1520,900
2321,21/08/2012,1521,120
2322,22/08/2012,1522,1500
2323,23/08/2012,1523,900
2324,24/08/2012,1524,120
2325,25/08/2012,1525,1500
2326,26/08/2012,1526,900
2327,27/08/2012,1527,120
2328,28/08/2012,1528,1500
2329,29/08/2012,1529,800
2330,30/08/2012,1530,900
2331,31/08/2012,1531,120
2332,01/09/2012,1532,1500
2333,02/09/2012,1533,800
2334,03/09/2012,1534,900
2335,04/09/2012,1535,120
2336,05/09/2012,1536,1500
2337,06/09/2012,1537,900
2338,07/09/2012,1538,120
2339,08/09/2012,1539,900
2340,09/09/2012,1540,120
2341,10/09/2012,1541,1500
2342,11/09/2012,1542,900
2343,12/09/2012,1543,120
2344,13/09/2012,1544,1500
2345,14/09/2012,1545,900
2346,15/09/2012,1546,120
2347,16/09/2012,1547,1500
2348,17/09/2012,1548,800
2349,18/09/2012,1549,900
2350,19/09/2012,1550,120
2351,20/09/2012,1551,1500
2352,21/09/2012,1552,800
2353,22/09/2012,1553,900
2354,23/09/2012,1554,120
2355,24/09/2012,1555,1500
2356,25/09/2012,1556,900
2357,26/09/2012,1557,120
2358,27/09/2012,1558,900
2359,28/09/2012,1559,120
2360,29/09/2012,1560,1500
2361,30/09/2012,1561,900
2362,01/10/2012,1562,120
2363,02/10/2012,1563,1500
2364,03/10/2012,1564,900
2365,04/10/2012,1565,120
2366,05/10/2012,1566,1500
2367,06/10/2012,1567,800
2368,07/10/2012,1568,900
2369,08/10/2012,1569,120
2370,09/10/2012,1570,1500
2371,10/10/2012,1571,800
2372,11/10/2012,1572,900
2373,12/10/2012,1573,120
2374,13/10/2012,1574,1500
2375,14/10/2012,1575,900
2376,15/10/2012,1576,120
2377,16/10/2012,1577,900
2378,17/10/2012,1578,120
2379,18/10/2012,1579,1500
2380,19/10/2012,1580,900
2381,20/10/2012,1581,120
2382,21/10/2012,1582,1500
2383,22/10/2012,1583,900
2384,23/10/2012,1584,120
2385,24/10/2012,1585,1500
2386,25/10/2012,1586,800
2387,26/10/2012,1587,900
2388,27/10/2012,1588,120
2389,28/10/2012,1589,1500
2390,29/10/2012,1590,800
2391,30/10/2012,1591,900
2392,31/10/2012,1592,120
2393,01/11/2012,1593,1500
2394,02/11/2012,1594,900
2395,03/11/2012,1595,120
2396,04/11/2012,1596,900
2397,05/11/2012,1597,120
2398,06/11/2012,1598,1500
2399,07/11/2012,1599,900
2400,08/11/2012,1600,120
2401,09/11/2012,1601,1500
2402,10/11/2012,1602,900
2403,11/11/2012,1603,120
2404,12/11/2012,1604,1500
2405,13/11/2012,1605,800
2406,14/11/2012,1606,900
2407,15/11/2012,1607,120
2408,16/11/2012,1608,1500
2409,17/11/2012,1609,800
2410,18/11/2012,1610,900
2411,19/11/2012,1611,120
2412,20/11/2012,1612,1500
2413,21/11/2012,1613,900
2414,22/11/2012,1614,120
2415,23/11/2012,1615,900
2416,24/11/2012,1616,120
2417,25/11/2012,1617,1500
2418,26/11/2012,1618,900
2419,27/11/2012,1619,120
2420,28/11/2012,1620,1500
2421,29/11/2012,1621,900
2422,30/11/2012,1622,120
2423,01/12/2012,1623,1500
2424,02/12/2012,1624,800
2425,03/12/2012,1625,900
2426,04/12/2012,1626,120
2427,05/12/2012,1627,1500
2428,06/12/2012,1628,800
2429,07/12/2012,1629,900
2430,08/12/2012,1630,120
2431,09/12/2012,1631,1500
2432,10/12/2012,1632,900
2433,11/12/2012,1633,120
2434,12/12/2012,1634,900
2435,13/12/2012,1635,120
2436,14/12/2012,1636,1500
2437,15/12/2012,1637,900
2438,16/12/2012,1638,120
2439,17/12/2012,1639,1500
2440,18/12/2012,1640,900
2441,19/12/2012,1641,120
2442,20/12/2012,1642,1500
2443,21/12/2012,1643,800
2444,22/12/2012,1644,900
2445,23/12/2012,1645,120
2446,24/12/2012,1646,1500
2447,25/12/2012,1647,800
2448,26/12/2012,1648,900
2449,27/12/2012,1649,120
2450,28/12/2012,1650,1500
2451,29/12/2012,1651,900
2452,30/12/2012,1652,120
2453,31/12/2012,1653,900
2454,01/01/2013,1654,120
2455,02/01/2013,1655,1500
2456,03/01/2013,1656,900
2457,04/01/2013,1657,120
2458,05/01/2013,1658,1500
2459,06/01/2013,1659,900
2460,07/01/2013,1660,120
2461,08/01/2013,1661,1500
2462,09/01/2013,1662,800
2463,10/01/2013,1663,900
2464,11/01/2013,1664,120
2465,12/01/2013,1665,1500
2466,13/01/2013,1666,800
2467,14/01/2013,1667,900
2468,15/01/2013,1668,120
2469,16/01/2013,1669,1500
2470,17/01/2013,1670,900
2471,18/01/2013,1671,120
2472,19/01/2013,1672,900
2473,20/01/2013,1673,120
2474,21/01/2013,1674,1500
2475,22/01/2013,1675,900
2476,23/01/2013,1676,120
2477,24/01/2013,1677,1500
2478,25/01/2013,1678,900
2479,26/01/2013,1679,120
2480,27/01/2013,1680,1500
2481,28/01/2013,1681,800
2482,29/01/2013,1682,900
2483,30/01/2013,1683,120
2484,31/01/2013,1684,1500
2485,01/02/2013,1685,800
2486,02/02/2013,1686,900
2487,03/02/2013,1687,120
2488,04/02/2013,1688,1500
2489,05/02/2013,1689,900
2490,06/02/2013,1690,120
2491,07/02/2013,1691,900
2492,08/02/2013,1692,120
2493,09/02/2013,1693,1500
2494,10/02/2013,1694,900
2495,11/02/2013,1695,120
2496,12/02/2013,1696,1500
2497,13/02/2013,1697,900
2498,14/02/2013,1698,120
2499,15/02/2013,1699,1500
2500,16/02/2013,1700,800
2501,17/02/2013,1701,900
2502,18/02/2013,1702,120
2503,19/02/2013,1703,1500
2504,20/02/2013,1704,800
2505,21/02/2013,1705,900
2506,22/02/2013,1706,120
2507,23/02/2013,1707,1500
2508,24/02/2013,1708,900
2509,25/02/2013,1709,120
2510,26/02/2013,1710,900
2511,27/02/2013,1711,120
2512,28/02/2013,1712,1500
2513,01/03/2013,1713,900
2514,02/03/2013,1714,120
2515,03/03/2013,1715,1500
2516,04/03/2013,1716,900
2517,05/03/2013,1717,120
2518,06/03/2013,1718,1500
2519,07/03/2013,1719,800
2520,08/03/2013,1720,900
2521,09/03/2013,1721,120
2522,10/03/2013,1722,1500
2523,11/03/2013,1723,800
2524,12/03/2013,1724,900
2525,13/03/2013,1725,120
2526,14/03/2013,1726,1500
2527,15/03/2013,1727,900
2528,16/03/2013,1728,120
2529,17/03/2013,1729,900
2530,18/03/2013,1730,120
2531,19/03/2013,1731,1500
2532,20/03/2013,1732,900
2533,21/03/2013,1733,120
2534,22/03/2013,1734,1500
2535,23/03/2013,1735,900
2536,24/03/2013,1736,120
2537,25/03/2013,1737,1500
2538,26/03/2013,1738,800
2539,27/03/2013,1739,900
2540,28/03/2013,1740,120
2541,29/03/2013,1741,1500
2542,30/03/2013,1742,800
2543,31/03/2013,1743,900
2544,01/04/2013,1744,120
2545,02/04/2013,1745,1500
2546,03/04/2013,1746,900
2547,04/04/2013,1747,120
2548,05/04/2013,1748,900
2549,06/04/2013,1749,120
2550,07/04/2013,1750,1500
2551,08/04/2013,1751,900
2552,09/04/2013,1752,120
2553,10/04/2013,1753,1500
2554,11/04/2013,1754,900
2555,12/04/2013,1755,120
2556,13/04/2013,1756,1500
2557,14/04/2013,1757,800
2558,15/04/2013,1758,900
2559,16/04/2013,1759,120
2560,17/04/2013,1760,1500
2561,18/04/2013,1761,800
2562,19/04/2013,1762,900
2563,20/04/2013,1763,120
2564,21/04/2013,1764,1500
2565,22/04/2013,1765,900
2566,23/04/2013,1766,120
2567,24/04/2013,1767,900
2568,25/04/2013,1768,120
2569,26/04/2013,1769,1500
2570,27/04/2013,1770,900
2571,28/04/2013,1771,120
2572,29/04/2013,1772,1500
2573,30/04/2013,1773,900
2574,01/05/2013,1774,120
2575,02/05/2013,1775,1500
2576,03/05/2013,1776,800
2577,04/05/2013,1777,900
2578,05/05/2013,1778,120
2579,06/05/2013,1779,1500
2580,07/05/2013,1780,800
2581,08/05/2013,1781,900
2582,09/05/2013,1782,120
2583,10/05/2013,1783,1500
2584,11/05/2013,1784,900
2585,12/05/2013,1785,120
2586,13/05/2013,1786,900
2587,14/05/2013,1787,120
2588,15/05/2013,1788,1500
2589,16/05/2013,1789,900
2590,17/05/2013,1790,120
2591,18/05/2013,1791,1500
2592,19/05/2013,1792,900
2593,20/05/2013,1793,120
2594,21/05/2013,1794,1500
2595,22/05/2013,1795,800
2596,23/05/2013,1796,900
2597,24/05/2013,1797,120
2598,25/05/2013,1798,1500
2599,26/05/2013,1799,800
2600,27/05/2013,1800,900
2601,28/05/2013,1801,120
2602,29/05/2013,1802,1500
2603,30/05/2013,1803,900
2604,31/05/2013,1804,120
2605,01/06/2013,1805,900
2606,02/06/2013,1806,120
2607,03/06/2013,1807,1500
2608,04/06/2013,1808,900
2609,05/06/2013,1809,120
2610,06/06/2013,1810,1500
2611,07/06/2013,1811,900
2612,08/06/2013,1812,120
2613,09/06/2013,1813,1500
2614,10/06/2013,1814,800
2615,11/06/2013,1815,900
2616,12/06/2013,1816,120
2617,13/06/2013,1817,1500
2618,14/06/2013,1818,800
2619,15/06/2013,1819,900
2620,16/06/2013,1820,120
2621,17/06/2013,1821,1500
2622,18/06/2013,1822,900
2623,19/06/2013,1823,120
2624,20/06/2013,1824,900
2625,21/06/2013,1825,120
2626,22/06/2013,1826,1500
2627,23/06/2013,1827,900
2628,24/06/2013,1828,120
2629,25/06/2013,1829,1500
2630,26/06/2013,1830,900
2631,27/06/2013,1831,120
2632,28/06/2013,1832,1500
2633,29/06/2013,1833,800
2634,30/06/2013,1834,900
2635,01/07/2013,1835,120
2636,02/07/2013,1836,1500
2637,03/07/2013,1837,800
2638,04/07/2013,1838,900
2639,05/07/2013,1839,120
2640,06/07/2013,1840,1500
2641,07/07/2013,1841,900
2642,08/07/2013,1842,120
2643,09/07/2013,1843,900
2644,10/07/2013,1844,120
2645,11/07/2013,1845,1500
2646,12/07/2013,1846,900
2647,13/07/2013,1847,120
2648,14/07/2013,1848,1500
2649,15/07/2013,1849,900
2650,16/07/2013,1850,120
2651,17/07/2013,1851,1500
2652,18/07/2013,1852,800
2653,19/07/2013,1853,900
2654,20/07/2013,1854,120
2655,21/07/2013,1855,1500
2656,22/07/2013,1856,800
2657,23/07/2013,1857,900
2658,24/07/2013,1858,120
2659,25/07/2013,1859,1500
2660,26/07/2013,1860,900
2661,27/07/2013,1861,120
2662,28/07/2013,1862,900
2663,29/07/2013,1863,120
2664,30/07/2013,1864,1500
2665,31/07/2013,1865,900
2666,01/08/2013,1866,120
2667,02/08/2013,1867,1500
2668,03/08/2013,1868,900
2669,04/08/2013,1869,120
2670,05/08/2013,1870,1500
2671,06/08/2013,1871,800
2672,07/08/2013,1872,900
2673,08/08/2013,1873,120
2674,09/08/2013,1874,1500
2675,10/08/2013,1875,800
2676,11/08/2013,1876,900
2677,12/08/2013,1877,120
2678,13/08/2013,1878,1500
2679,14/08/2013,1879,900
2680,15/08/2013,1880,120
2681,16/08/2013,1881,900
2682,17/08/2013,1882,120
2683,18/08/2013,1883,1500
2684,19/08/2013,1884,900
2685,20/08/2013,1885,120
2686,21/08/2013,1886,1500
2687,22/08/2013,1887,900
2688,23/08/2013,1888,120
2689,24/08/2013,1889,1500
2690,25/08/2013,1890,800
2691,26/08/2013,1891,900
2692,27/08/2013,1892,120
2693,28/08/2013,1893,1500
2694,29/08/2013,1894,800
2695,30/08/2013,1895,900
2696,31/08/2013,1896,120
2697,01/09/2013,1897,1500
2698,02/09/2013,1898,900
2699,03/09/2013,1899,120
2700,04/09/2013,1900,900
2701,05/09/2013,1901,120
2702,06/09/2013,1902,1500
2703,07/09/2013,1903,900
2704,08/09/2013,1904,120
2705,09/09/2013,1905,1500
2706,10/09/2013,1906,900
2707,11/09/2013,1907,120
2708,12/09/2013,1908,1500
2709,13/09/2013,1909,800
2710,14/09/2013,1910,900
2711,15/09/2013,1911,120
2712,16/09/2013,1912,1500
2713,17/09/2013,1913,800
2714,18/09/2013,1914,900
2715,19/09/2013,1915,120
2716,20/09/2013,1916,1500
2717,21/09/2013,1917,900
2718,22/09/2013,1918,120
2719,23/09/2013,1919,900
2720,24/09/2013,1920,120
2721,25/09/2013,1921,1500
2722,26/09/2013,1922,900
2723,27/09/2013,1923,120
2724,28/09/2013,1924,1500
2725,29/09/2013,1925,900
2726,30/09/2013,1926,120
2727,01/10/2013,1927,1500
2728,02/10/2013,1928,800
2729,03/10/2013,1929,900
2730,04/10/2013,1930,120
2731,05/10/2013,1931,1500
2732,06/10/2013,1932,800
2733,07/10/2013,1933,900
2734,08/10/2013,1934,120
2735,09/10/2013,1935,1500
2736,10/10/2013,1936,900
2737,11/10/2013,1937,120
2738,12/10/2013,1938,900
2739,13/10/2013,1939,120
2740,14/10/2013,1940,1500
2741,15/10/2013,1941,900
2742,16/10/2013,1942,120
2743,17/10/2013,1943,1500
2744,18/10/2013,1944,900
2745,19/10/2013,1945,120
2746,20/10/2013,1946,1500
2747,21/10/2013,1947,800
2748,22/10/2013,1948,900
2749,23/10/2013,1949,120
2750,24/10/2013,1950,1500
2751,25/10/2013,1951,800
2752,26/10/2013,1952,900
2753,27/10/2013,1953,120
2754,28/10/2013,1954,1500
2755,29/10/2013,1955,900
2756,30/10/2013,1956,120
2757,31/10/2013,1957,900
2758,01/11/2013,1958,120
2759,02/11/2013,1959,1500
2760,03/11/2013,1960,900
2761,04/11/2013,1961,120
2762,05/11/2013,1962,1500
2763,06/11/2013,1963,900
2764,07/11/2013,1964,120
2765,08/11/2013,1965,1500
2766,09/11/2013,1966,800
2767,10/11/2013,1967,900
2768,11/11/2013,1968,120
2769,12/11/2013,1969,1500
2770,13/11/2013,1970,800
2771,14/11/2013,1971,900
2772,15/11/2013,1972,120
2773,16/11/2013,1973,1500
2774,17/11/2013,1974,900
2775,18/11/2013,1975,120
2776,19/11/2013,1976,900
2777,20/11/2013,1977,120
2778,21/11/2013,1978,1500
2779,22/11/2013,1979,900
2780,23/11/2013,1980,120
2781,24/11/2013,1981,1500
2782,25/11/2013,1982,900
2783,26/11/2013,1983,120
2784,27/11/2013,1984,1500
2785,28/11/2013,1985,800
2786,29/11/2013,1986,900
2787,30/11/2013,1987,120
2788,01/12/2013,1988,1500
2789,02/12/2013,1989,800
2790,03/12/2013,1990,900
2791,04/12/2013,1991,120
2792,05/12/2013,1992,1500
2793,06/12/2013,1993,900
2794,07/12/2013,1994,120
2795,08/12/2013,1995,900
2796,09/12/2013,1996,120
2797,10/12/2013,1997,1500
2798,11/12/2013,1998,900
2799,12/12/2013,1999,120
2800,13/12/2013,2000,1500
2801,14/12/2013,2001,900
2802,15/12/2013,2002,120
2803,16/12/2013,2003,1500
2804,17/12/2013,2004,800
2805,18/12/2013,2005,900
2806,19/12/2013,2006,120
2807,20/12/2013,2007,1500
2808,21/12/2013,2008,800
2809,22/12/2013,2009,900
2810,23/12/2013,2010,120
2811,24/12/2013,2011,1500
2812,25/12/2013,2012,900
2813,26/12/2013,2013,120
2814,27/12/2013,2014,900
2815,28/12/2013,2015,120
2816,29/12/2013,2016,1500
2817,30/12/2013,2017,900
2818,31/12/2013,2018,120
2819,01/01/2014,2019,1500
2820,02/01/2014,2020,900
2821,03/01/2014,2021,120
2822,04/01/2014,2022,1500
2823,05/01/2014,2023,800
2824,06/01/2014,2024,900
2825,07/01/2014,2025,120
2826,08/01/2014,2026,1500
2827,09/01/2014,2027,800
2828,10/01/2014,2028,900
2829,11/01/2014,2029,120
2830,12/01/2014,2030,1500
2831,13/01/2014,2031,900
2832,14/01/2014,2032,120
2833,15/01/2014,2033,900
2834,16/01/2014,2034,120
2835,17/01/2014,2035,1500
2836,18/01/2014,2036,900
2837,19/01/2014,2037,120
2838,20/01/2014,2038,1500
2839,21/01/2014,2039,900
2840,22/01/2014,2040,120
2841,23/01/2014,2041,1500
2842,24/01/2014,2042,800
2843,25/01/2014,2043,900
2844,26/01/2014,2044,120
2845,27/01/2014,2045,1500
2846,28/01/2014,2046,800
2847,29/01/2014,2047,900
2848,30/01/2014,2048,120
2849,31/01/2014,2049,1500
2850,01/02/2014,2050,900
2851,02/02/2014,2051,120
2852,03/02/2014,2052,900
2853,04/02/2014,2053,120
2854,05/02/2014,2054,1500
2855,06/02/2014,2055,900
2856,07/02/2014,2056,120
2857,08/02/2014,2057,1500
2858,09/02/2014,2058,900
2859,10/02/2014,2059,120
2860,11/02/2014,2060,1500
2861,12/02/2014,2061,800
2862,13/02/2014,2062,900
2863,14/02/2014,2063,120
2864,15/02/2014,2064,1500
2865,16/02/2014,2065,800
2866,17/02/2014,2066,900
2867,18/02/2014,2067,120
2868,19/02/2014,2068,1500
2869,20/02/2014,2069,900
2870,21/02/2014,2070,120
2871,22/02/2014,2071,900
2872,23/02/2014,2072,120
2873,24/02/2014,2073,1500
2874,25/02/2014,2074,900
2875,26/02/2014,2075,120
2876,27/02/2014,2076,1500
2877,28/02/2014,2077,900
2878,01/03/2014,2078,120
2879,02/03/2014,2079,1500
2880,03/03/2014,2080,800
2881,04/03/2014,2081,900
2882,05/03/2014,2082,120
2883,06/03/2014,2083,1500
2884,07/03/2014,2084,800
2885,08/03/2014,2085,900
2886,09/03/2014,2086,120
2887,10/03/2014,2087,1500
2888,11/03/2014,2088,900
2889,12/03/2014,2089,120
2890,13/03/2014,2090,900
2891,14/03/2014,2091,120
2892,15/03/2014,2092,1500
2893,16/03/2014,2093,900
2894,17/03/2014,2094,120
2895,18/03/2014,2095,1500
2896,19/03/2014,2096,900
2897,20/03/2014,2097,120
2898,21/03/2014,2098,1500
2899,22/03/2014,2099,800
2900,23/03/2014,2100,900
2901,24/03/2014,2101,120
2902,25/03/2014,2102,1500
2903,26/03/2014,2103,800
2904,27/03/2014,2104,900
2905,28/03/2014,2105,120
2906,29/03/2014,2106,1500
2907,30/03/2014,2107,900
2908,31/03/2014,2108,120
2909,01/04/2014,2109,900
2910,02/04/2014,2110,120
2911,03/04/2014,2111,1500
2912,04/04/2014,2112,900
2913,05/04/2014,2113,120
2914,06/04/2014,2114,1500
2915,07/04/2014,2115,900
2916,08/04/2014,2116,120
2917,09/04/2014,2117,1500
2918,10/04/2014,2118,800
2919,11/04/2014,2119,900
2920,12/04/2014,2120,120
2921,13/04/2014,2121,1500
2922,14/04/2014,2122,800
2923,15/04/2014,2123,900
2924,16/04/2014,2124,120
2925,17/04/2014,2125,1500
2926,18/04/2014,2126,900
2927,19/04/2014,2127,120
2928,20/04/2014,2128,900
2929,21/04/2014,2129,120
2930,22/04/2014,2130,1500
2931,23/04/2014,2131,900
2932,24/04/2014,2132,120
2933,25/04/2014,2133,1500
2934,26/04/2014,2134,900
2935,27/04/2014,2135,120
2936,28/04/2014,2136,1500
2937,29/04/2014,2137,800
2938,30/04/2014,2138,900
2939,01/05/2014,2139,120
2940,02/05/2014,2140,1500
2941,03/05/2014,2141,800
2942,04/05/2014,2142,900
2943,05/05/2014,2143,120
2944,06/05/2014,2144,1500
2945,07/05/2014,2145,900
2946,08/05/2014,2146,120
2947,09/05/2014,2147,900
2948,10/05/2014,2148,120
2949,11/05/2014,2149,1500
2950,12/05/2014,2150,900
2951,13/05/2014,2151,120
2952,14/05/2014,2152,1500
2953,15/05/2014,2153,900
2954,16/05/2014,2154,120
2955,17/05/2014,2155,1500
2956,18/05/2014,2156,800
2957,19/05/2014,2157,900
2958,20/05/2014,2158,120
2959,21/05/2014,2159,1500
2960,22/05/2014,2160,800
2961,23/05/2014,2161,900
2962,24/05/2014,2162,120
2963,25/05/2014,2163,1500
2964,26/05/2014,2164,900
2965,27/05/2014,2165,120
2966,28/05/2014,2166,900
2967,29/05/2014,2167,120
2968,30/05/2014,2168,1500
2969,31/05/2014,2169,900
2970,01/06/2014,2170,120
2971,02/06/2014,2171,1500
2972,03/06/2014,2172,900
2973,04/06/2014,2173,120
2974,05/06/2014,2174,1500
2975,06/06/2014,2175,800
2976,07/06/2014,2176,900
2977,08/06/2014,2177,120
2978,09/06/2014,2178,1500
2979,10/06/2014,2179,800
2980,11/06/2014,2180,900
2981,12/06/2014,2181,120
2982,13/06/2014,2182,1500
2983,14/06/2014,2183,900
2984,15/06/2014,2184,120
2985,16/06/2014,2185,900
2986,17/06/2014,2186,120
2987,18/06/2014,2187,1500
2988,19/06/2014,2188,900
2989,20/06/2014,2189,120
2990,21/06/2014,2190,1500
2991,22/06/2014,2191,900
2992,23/06/2014,2192,120
2993,24/06/2014,2193,1500
2994,25/06/2014,2194,800
2995,26/06/2014,2195,900
2996,27/06/2014,2196,120
2997,28/06/2014,2197,1500
2998,29/06/2014,2198,800
2999,30/06/2014,2199,900
3000,01/07/2014,2200,120
3001,02/07/2014,2201,1500
3002,03/07/2014,2202,900
3003,04/07/2014,2203,120
3004,05/07/2014,2204,900
3005,06/07/2014,2205,120
3006,07/07/2014,2206,1500
3007,08/07/2014,2207,900
3008,09/07/2014,2208,120
3009,10/07/2014,2209,1500
3010,11/07/2014,2210,900
3011,12/07/2014,2211,120
3012,13/07/2014,2212,1500
3013,14/07/2014,2213,800
3014,15/07/2014,2214,900
3015,16/07/2014,2215,120
3016,17/07/2014,2216,1500
3017,18/07/2014,2217,800
3018,19/07/2014,2218,900
3019,20/07/2014,2219,120
3020,21/07/2014,2220,1500
3021,22/07/2014,2221,900
3022,23/07/2014,2222,120
3023,24/07/2014,2223,900
3024,25/07/2014,2224,120
3025,26/07/2014,2225,1500
3026,27/07/2014,2226,900
3027,28/07/2014,2227,120
3028,29/07/2014,2228,1500
3029,30/07/2014,2229,900
3030,31/07/2014,2230,120
3031,01/08/2014,2231,1500
3032,02/08/2014,2232,800
3033,03/08/2014,2233,900
3034,04/08/2014,2234,120
3035,05/08/2014,2235,1500
3036,06/08/2014,2236,800
3037,07/08/2014,2237,900
3038,08/08/2014,2238,120
3039,09/08/2014,2239,1500
3040,10/08/2014,2240,900
3041,11/08/2014,2241,120
3042,12/08/2014,2242,900
3043,13/08/2014,2243,120
3044,14/08/2014,2244,1500
3045,15/08/2014,2245,900
3046,16/08/2014,2246,120
3047,17/08/2014,2247,1500
3048,18/08/2014,2248,900
3049,19/08/2014,2249,120
3050,20/08/2014,2250,1500
3051,21/08/2014,2251,800
3052,22/08/2014,2252,900
3053,23/08/2014,2253,120
3054,24/08/2014,2254,1500
3055,25/08/2014,2255,800
3056,26/08/2014,2256,900
3057,27/08/2014,2257,120
3058,28/08/2014,2258,1500
3059,29/08/2014,2259,900
3060,30/08/2014,2260,120
3061,31/08/2014,2261,900
3062,01/09/2014,2262,120
3063,02/09/2014,2263,1500
3064,03/09/2014,2264,900
3065,04/09/2014,2265,120
3066,05/09/2014,2266,1500
3067,06/09/2014,2267,900
3068,07/09/2014,2268,120
3069,08/09/2014,2269,1500
3070,09/09/2014,2270,800
3071,10/09/2014,2271,900
3072,11/09/2014,2272,120
3073,12/09/2014,2273,1500
3074,13/09/2014,2274,800
3075,14/09/2014,2275,900
3076,15/09/2014,2276,120
3077,16/09/2014,2277,1500
3078,17/09/2014,2278,900
3079,18/09/2014,2279,120
3080,19/09/2014,2280,900
3081,20/09/2014,2281,120
3082,21/09/2014,2282,1500
3083,22/09/2014,2283,900
3084,23/09/2014,2284,120
3085,24/09/2014,2285,1500
3086,25/09/2014,2286,900
3087,26/09/2014,2287,120
3088,27/09/2014,2288,1500
3089,28/09/2014,2289,800
3090,29/09/2014,2290,900
3091,30/09/2014,2291,120
3092,01/10/2014,2292,1500
3093,02/10/2014,2293,800
3094,03/10/2014,2294,900
3095,04/10/2014,2295,120
3096,05/10/2014,2296,1500
3097,06/10/2014,2297,900
3098,07/10/2014,2298,120
3099,08/10/2014,2299,900
3100,09/10/2014,2300,120
3101,10/10/2014,2301,1500
3102,11/10/2014,2302,900
3103,12/10/2014,2303,120
3104,13/10/2014,2304,1500
3105,14/10/2014,2305,900
3106,15/10/2014,2306,120
3107,16/10/2014,2307,1500
3108,17/10/2014,2308,800
3109,18/10/2014,2309,900
3110,19/10/2014,2310,120
3111,20/10/2014,2311,1500
3112,21/10/2014,2312,800
3113,22/10/2014,2313,900
3114,23/10/2014,2314,120
3115,24/10/2014,2315,1500
3116,25/10/2014,2316,900
3117,26/10/2014,2317,120
3118,27/10/2014,2318,900
3119,28/10/2014,2319,120
3120,29/10/2014,2320,1500
3121,30/10/2014,2321,900
3122,31/10/2014,2322,120
3123,01/11/2014,2323,1500
3124,02/11/2014,2324,900
3125,03/11/2014,2325,120
3126,04/11/2014,2326,1500
3127,05/11/2014,2327,800
3128,06/11/2014,2328,900
3129,07/11/2014,2329,120
3130,08/11/2014,2330,1500
3131,09/11/2014,2331,800
3132,10/11/2014,2332,900
3133,11/11/2014,2333,120
3134,12/11/2014,2334,1500
3135,13/11/2014,2335,900
3136,14/11/2014,2336,120
3137,15/11/2014,2337,900
3138,16/11/2014,2338,120
3139,17/11/2014,2339,1500
3140,18/11/2014,2340,900
3141,19/11/2014,2341,120
3142,20/11/2014,2342,1500
3143,21/11/2014,2343,900
3144,22/11/2014,2344,120
3145,23/11/2014,2345,1500
3146,24/11/2014,2346,800
3147,25/11/2014,2347,900
3148,26/11/2014,2348,120
3149,27/11/2014,2349,1500
3150,28/11/2014,2350,800
3151,29/11/2014,2351,900
3152,30/11/2014,2352,120
3153,01/12/2014,2353,1500
3154,02/12/2014,2354,900
3155,03/12/2014,2355,120
3156,04/12/2014,2356,900
3157,05/12/2014,2357,120
3158,06/12/2014,2358,1500
3159,07/12/2014,2359,900
3160,08/12/2014,2360,120
3161,09/12/2014,2361,1500
3162,10/12/2014,2362,900
3163,11/12/2014,2363,120
3164,12/12/2014,2364,1500
3165,13/12/2014,2365,800
3166,14/12/2014,2366,900
3167,15/12/2014,2367,120
3168,16/12/2014,2368,1500
3169,17/12/2014,2369,800
3170,18/12/2014,2370,900
3171,19/12/2014,2371,120
3172,20/12/2014,2372,1500
3173,21/12/2014,2373,900
3174,22/12/2014,2374,120
3175,23/12/2014,2375,900
3176,24/12/2014,2376,120
3177,25/12/2014,2377,1500
3178,26/12/2014,2378,900
3179,27/12/2014,2379,120
3180,28/12/2014,2380,1500
3181,29/12/2014,2381,900
3182,30/12/2014,2382,120
3183,31/12/2014,2383,1500
3184,01/01/2015,2384,800
3185,02/01/2015,2385,900
3186,03/01/2015,2386,120
3187,04/01/2015,2387,1500
3188,05/01/2015,2388,800
3189,06/01/2015,2389,900
3190,07/01/2015,2390,120
3191,08/01/2015,2391,1500
3192,09/01/2015,2392,900
3193,10/01/2015,2393,120
3194,11/01/2015,2394,900
3195,12/01/2015,2395,120
3196,13/01/2015,2396,1500
3197,14/01/2015,2397,900
3198,15/01/2015,2398,120
3199,16/01/2015,2399,1500
3200,17/01/2015,2400,900
3201,18/01/2015,2401,120
3202,19/01/2015,2402,1500
3203,20/01/2015,2403,800
3204,21/01/2015,2404,900
3205,22/01/2015,2405,120
3206,23/01/2015,2406,1500
3207,24/01/2015,2407,800
3208,25/01/2015,2408,900
3209,26/01/2015,2409,120
3210,27/01/2015,2410,1500
3211,28/01/2015,2411,900
3212,29/01/2015,2412,120
3213,30/01/2015,2413,900
3214,31/01/2015,2414,120
3215,01/02/2015,2415,1500
3216,02/02/2015,2416,900
3217,03/02/2015,2417,120
3218,04/02/2015,2418,1500
3219,05/02/2015,2419,
